country,2000,2005,2010,2015,2020
Germany,3000,6900,8200,8800,9000
United States,4300,6800,7200,7400,9000
Japan,3000,6700,7800,9100,9000
Australia,4700,6300,7600,8400,9000
Brazil,300,2100,4000,5900,8100
India,100,200,800,2600,4300
Nigeria,100,300,1100,2500,3600
China,200,900,3400,5000,7000
Indonesia,100,400,1100,2200,5400
Kenya,100,300,700,1700,2900
Mexico,500,1700,3100,5700,7200
Egypt,100,1300,2200,3800,7200
Russia,200,1500,4300,7300,8500
Argentina,700,1800,4500,6800,8500
South Africa,500,800,2400,5200,7000
Pakistan,100,600,800,1400,2500
Bangladesh,100,100,400,1400,2500
Vietnam,100,1300,3100,5400,7000
Turkey,400,1500,4000,5400,7800
Saudi Arabia,200,1300,4100,7000,9700
